{
  "project_info": {
    "project_number": "237878822127",
    "project_id": "lets-chat-e5264",
    "storage_bucket": "lets-chat-e5264.appspot.com"
  },
  "client": [
    {
      "client_info": {
        "mobilesdk_app_id": "1:237878822127:android:65b34d5ccb780db0ee071a",
        "android_client_info": {
          "package_name": "com.example.letschat"
        }
      },
      "oauth_client": [
        {
          "client_id": "237878822127-31ieqdq35duvp0h1degd89ce431odfb5.apps.googleusercontent.com",
          "client_type": 3
        }
      ],
      "api_key": [
        {
          "current_key": "AIzaSyCYDhjkPWj8zwc_yLYfLNEejQn-CrYV5fU"
        }
      ],
      "services": {
        "appinvite_service": {
          "other_platform_oauth_client": [
            {
              "client_id": "237878822127-31ieqdq35duvp0h1degd89ce431odfb5.apps.googleusercontent.com",
              "client_type": 3
            }
          ]
        }
      }
    }
  ],
  "configuration_version": "1"
}